country	consumption 2000	electricity 2000	Mortality 2000	consumption 2001	electricity 2001	Mortality 2001	consumption 2002	electricity 2002	Mortality 2002	consumption 2003	electricity 2003	Mortality 2003	consumption 2004	electricity 2004	Mortality 2004	consumption 2005	electricity 2005	Mortality 2005	consumption 2006	electricity 2006	Mortality 2006	consumption 2007	electricity 2007	Mortality 2007	consumption 2008	electricity 2008	Mortality 2008	consumption 2009	electricity 2009	Mortality 2009	consumption 2010	electricity 2010	Mortality 2010																							
Albania	0.09619	1444.72918	26.3	0.0916	1331.328163	25	0.09516	1541.534699	23.5	0.11449	1437.537761	22.2	0.11651	1741.197448	21	0.12092	1650.646126	19.7	0.11852	1155.037672	18.7	0.10319	1136.713186	17.8	0.10963	1498.712672	16.9	0.11511	1684.768769	15.8	0.12509	1770.44232	15																							
Algeria	1.23857	694.6721746	45.7	1.25615	719.8323528	43.6	1.27659	740.4144947	42.3	1.2927	795.0563308	40.7	1.26393	811.4570024	39	1.48134	897.7011959	37.7	1.54318	868.8620019	36.4	1.61954	901.1518552	34.9	1.72123	955.6167434	33.5	1.7988	867.0630711	32.1	1.79829	1026.327578	31.3																							
Angola	0.09094	88.60885745	199.3	0.1193	97.30165821	195.4	0.12741	101.2056433	191.2	0.13525	112.6463308	187.1	0.14463	102.8985816	183.3	0.14764	128.8129841	179.1	0.1659	171.4248829	175.6	0.1862	158.9695668	172	0.19718	207.3404737	167.4	0.20883	229.6401828	164.5	0.23924	247.8787241	161																							
Argentina	2.66876	2085.41894	20.3	2.61239	2119.075497	19.7	2.48186	2015.80887	19	2.66675	2185.243849	18.4	2.7809	2302.300699	17.8	2.95491	2421.617296	17.2	3.13524	2187.457158	16.7	3.27338	2378.984022	16.1	3.35163	2800.880429	15.5	3.30164	2758.766496	15	3.34874	2904.432048	14.5																							
Armenia	0.16247	1294.822207	29.8	0.1646	1262.961501	28.3	0.16393	1225.389709	27	0.17541	1302.051851	25.7	0.18063	1411.213696	24.7	0.20159	1479.474252	23.2	0.2038	1580.210591	22.3	0.22112	1691.507429	21.1	0.21598	1576.441328	20.2	0.20127	1550.41574	19.2	0.21196	1606.366217	18.3																							
Australia	4.83335	10193.91218	6.02	5.00345	10636.37769	6.06	5.07292	10813.12273	5.94	5.1165	10730.31957	5.76	5.41692	10868.07039	5.56	5.64958	10457.51858	5.86	5.72146	10509.37535	5.41	5.9419	10851.25163	5.08	5.7874	10625.53201	4.97	5.76642	10453.45007	4.95	5.81146	10177.49038	4.7																							
Austria	1.38594	7076.269483	5.65	1.43983	7333.231953	5.58	1.45087	7427.656445	4.85	1.4705	7695.080037	5.48	1.50963	7808.035423	5.11	1.55066	7978.046214	4.97	1.53621	8223.842346	4.38	1.5442	8180.307701	4.26	1.53367	8191.508477	4.38	1.47479	7955.745627	4.56	1.52707	8356.127956	4.65																							
Azerbaijan	0.52002	2040.47909	68.6	0.52053	2106.34678	66.4	0.59178	2102.191032	63.3	0.60157	2354.962898	61	0.63699	2437.368326	59.1	0.65892	2407.454852	56.8	0.69878	2513.627712	54.4	0.59244	2117.977463	52.9	0.71848	2040.760435	50.2	0.56673	1620.499186	49.1	0.55567	1603.431374	46.4																							
Bahrain	0.36474	8994.144405	16.9	0.37722	9654.324446	16.7	0.39762	10489.51049	16.6	0.40773	11534.94323	16.4	0.41884	11984.9351	16.3	0.44726	11666.55399	16.4	0.48868	11482.48111	16.3	0.51317	11626.46249	16.3	0.53474	9686.808399	16.3	0.54327	9214.434608	16.2	0.55759	9814.278412	16.2																							
Bangladesh	0.50385	103.0462657	84.4	0.55256	113.5249326	80	0.584	121.3482793	75.7	0.63488	127.7590715	71.7	0.6751	163.3516875	67.7	0.71835	174.5526902	64.1	0.78022	197.4029427	60.7	0.81363	206.200742	57.4	0.88801	228.6801537	54.3	0.96407	251.6286711	51.4	0.98901	278.8715161	48.7																							
Belarus	1.05214	2988.705647	13.475	0.96268	2996.81252	12.65	0.90747	2982.770781	11.913	0.98457	3039.102416	10.934	0.95177	3143.579566	10.065	1.12403	3208.297074	10.197	1.15433	3321.859748	9.273	1.15134	3344.56813	7.799	1.12029	3454.905228	6.655	1.05118	3298.622068	6.886	1.13123	3563.856691	5.962																							
Belgium	2.7338	8247.677113	5.96	2.70258	8267.187216	5.69	2.6794	8311.892679	5.36	2.78228	8411.900657	5.1	2.80785	8576.223497	4.63	2.77869	8509.997073	4.7	2.7376	8683.671285	4.91	2.73626	8614.491281	4.74	2.91486	8521.49674	4.5	2.65429	7903.029252	4.3	2.74807	8387.463593	4.4																							
Bolivia	0.16192	421.4392059	80.8	0.14481	419.7383678	77.1	0.157	432.6526581	74.2	0.19835	439.4327484	71.1	0.20213	449.0746157	68.1	0.20023	477.4422999	65.1	0.22594	507.9158366	62.4	0.23317	540.3922039	59.8	0.24958	539.2751817	57.3	0.22976	558.4522381	55.2	0.23258	616.424278	52.9																							
Bosnia and Herzegovina	0.22358	2061.890279	9.6	0.22112	2072.367456	9.3	0.2316	2082.95649	9	0.22736	2221.419155	8.8	0.25338	2311.338942	8.7	0.27251	2379.793076	8.8	0.27846	2374.399326	8.6	0.25997	2372.299376	8.5	0.29093	2970.724113	8.3	0.30239	2867.279439	8.1	0.32508	3109.717195	7.9																							
Botswana	0.05755	905.6131519	81.1	0.05139	1133.683283	80.8	0.05201	1245.504266	78.4	0.05007	1315.755683	72.1	0.05715	1363.751948	59.1	0.06134	1421.356494	46.1	0.06223	1439.840497	37.9	0.06069	1489.98205	34.2	0.06339	1512.15814	32.6	0.06514	1508.395338	30.1	0.0743	1586.49091	27.5																							
Brazil	8.53326	1901.323	35.7	8.44866	1751.091231	33.6	8.55386	1809.171725	31.5	8.66412	1884.089679	29.1	8.99638	1957.575403	26.8	9.35596	2017.318805	24.8	9.69969	2074.668608	22.9	10.12882	2171.402481	21.2	10.33828	2235.792851	19.6	10.42654	2204.59236	18.1	11.29911	2383.731288	16.8																							
Brunei	0.0649	7687.227094	9.6	0.07311	6795.315061	9.4	0.08476	6911.896014	9.1	0.09008	8025.323206	8.9	0.10042	8827.256049	8.7	0.11918	8671.992686	8.5	0.18266	8430.614852	8.2	0.18816	8555.996747	8	0.19556	8471.646369	7.8	0.12763	8661.764969	7.6	0.14779	8758.648351	7.4																							
Bulgaria	0.86773	3673.606871	19.62	0.90406	3853.729831	20.136	0.8746	3838.485459	18.96	0.88654	3973.256666	17.604	0.87492	3939.000877	17.544	0.91869	4121.629478	15.228	0.94058	4311.327935	14.412	0.84127	4455.750856	13.584	0.81712	4594.278533	12.888	0.72108	4400.583194	13.488	0.76948	4476.467521	13.776																							
Cambodia	0.03411	31.97570746	101.5	0.0398	35.79985086	94.5	0.04281	49.51257362	87.3	0.04672	50.82857097	80.8	0.05206	55.17675852	74.5	0.05528	66.32940982	68.7	0.06078	80.49787938	63.3	0.06562	100.659429	58	0.06871	115.1009894	53.7	0.06622	128.9893055	49.7	0.06118	146.0576288	46																							
Cameroon	0.08132	173.4247575	139.5	0.08165	164.0301209	138.9	0.07808	154.5579512	138.3	0.08387	167.3085125	137.5	0.08674	193.4138281	136.5	0.08577	188.3375531	135.6	0.09881	249.4373452	134.5	0.09902	259.018763	133.5	0.10565	274.1649803	132.2	0.10857	273.4285447	130.8	0.12487	271.3929346	128.9																							
Canada	13.30484	16990.57839	5.87	12.87242	16807.14499	6.04	13.09648	16959.60079	6.18	13.52567	17191.15419	6.15	14.11424	17235.41178	6.05	14.17242	17319.23125	6.18	13.8183	16761.0437	5.76	14.02585	16846.75063	5.88	13.54625	16449.24481	5.8	13.09711	15118.52021	5.7	13.00072	15137.58601	5.6																							
Chile	1.01272	2486.734605	10.8	1.04667	2613.847554	10.4	1.0647	2710.657906	10	1.11922	2877.794217	9.7	1.19658	3042.174819	9.5	1.27932	3073.048829	9.3	1.31642	3200.074906	9.2	1.0911	3318.773344	9.1	1.34684	3320.930675	9	1.29926	3283.018603	8.9	1.33341	3297.068405	8.8																							
China	40.93559	993.3370029	35	42.58023	1077.041318	32.7	47.29373	1195.441268	30.3	52.96116	1380.200248	28.1	59.47403	1586.770827	25.9	67.91528	1783.854662	23.9	74.28128	2041.951305	22	79.37118	2330.247328	20.4	84.94611	2457.536491	18.8	94.37119	2632.526401	17.3	100.88144	2943.526246	15.9																							
Colombia	1.17201	842.7436904	25	1.16349	862.3394484	24.3	1.16015	868.9537422	23.5	1.20249	871.2037507	22.8	1.21593	905.5174064	22.1	1.26835	900.9176879	21.4	1.31278	950.5558106	20.7	1.33293	975.3715966	20	1.34274	972.2972928	19.5	1.33538	1045.383844	18.9	1.36665	1012.359023	18.3																							
Congo, Dem. Rep.	0.01302	91.66528971	181.4	0.016	90.74430807	181.4	0.0154	85.25217565	181.4	0.01722	85.75139545	181.4	0.01848	83.93883334	181.4	0.02482	85.35275942	181.4	0.02843	97.44718994	179	0.03386	101.2305385	176.7	0.03906	97.86330034	174.4	0.04784	103.8559658	172.1	0.06727	95.1553756	169.9																							
Costa Rica	0.14104	1523.532984	12.9	0.14556	1497.397167	12.3	0.15333	1565.440022	11.7	0.15957	1645.019106	11.3	0.16397	1675.321471	10.9	0.16188	1711.602021	10.7	0.17481	1807.696345	10.5	0.18426	1865.199002	10.4	0.19038	1864.610524	10.3	0.18469	1817.116444	10.3	0.18718	1855.16412	10.1																							
Cote d'Ivoire	0.13277	172.6607112	138.6	0.10998	181.792738	136.7	0.10706	177.1760776	134.7	0.10877	175.8184999	132.6	0.11505	176.0110626	130.5	0.11335	175.018559	128.2	0.114	185.9655083	126.1	0.11957	192.3659206	123.8	0.13064	202.0328954	121.1	0.12995	209.6121215	118.8	0.12381	209.5978275	116.7																							
Croatia	0.3756	2840.488025	8.4	0.38411	2881.531532	8	0.37378	3081.981982	7.7	0.39311	3146.396396	7.4	0.40806	3314.485244	7.1	0.404	3475.911751	6.8	0.41504	3635.810811	6.4	0.3948	3737.601443	6.1	0.40653	3878.439332	5.9	0.38864	3711.673064	5.6	0.39557	3813.490267	5.3																							
Cuba	0.45968	1140.187601	8.5	0.46595	1160.395427	8.1	0.46699	1187.694366	7.7	0.46354	1195.660718	7.4	0.51958	1176.950183	7.1	0.45093	1155.830841	6.9	0.35559	1226.795196	6.7	0.37219	1300.151473	6.5	0.35797	1319.705811	6.3	0.41463	1329.973786	6.1	0.39997	1299.433939	5.9																							
Cyprus	0.10312	3373.285529	6.5	0.1125	3450.922638	6.2	0.11064	3692.31146	5.8	0.11157	3900.277919	5.5	0.11762	3925.94649	5.2	0.11984	4080.142403	4.9	0.12625	4226.956362	4.6	0.12657	4379.945194	4.2	0.13154	4572.883405	3.9	0.12457	4625.515717	3.6	0.12146	4675.407988	3.4																							
Czech Republic	1.40621	5694.233495		1.45203	5880.72612		1.45139	5889.648778		1.51756	6066.895639		1.51531	6218.862617		1.55617	6342.134706		1.58825	6509.312275		1.64613	6495.931938		1.61534	6464.392552		1.53063	6114.037542		1.59118	6321.037526																								
Denmark	0.87642	6482.488628	6.06	0.88917	6490.279603	5.86	0.8576	6533.752014	5.32	0.89932	6602.450871	5.26	0.86591	6615.569959	5.3	0.84618	6659.000427	4.99	0.90184	6824.745939	4.39	0.88542	6668.390266	4.64	0.84197	6534.851967	4.6	0.79435	6219.701092	3.67	0.83053	6326.96569	3.9																							
Dominican Republic	0.23415	728.3547528	14.9	0.24458	1039.391922	14.5	0.25249	1256.212785	14.3	0.28608	1327.345383	13.9	0.27171	1143.377877	13.7	0.27188	1275.977905	13.5	0.28134	1299.59881	13.2	0.29372	1373.695257	12.9	0.29398	1392.764865	12.7	0.28108	1358.191386	12.3	0.28926	1442.181777	12.1																							
Ecuador	0.34462	652.1656541	34.2	0.3609	665.5493977	32.9	0.36515	673.7464083	31.7	0.37612	688.6360879	30.5	0.3921	755.4772479	29.5	0.40707	779.7323512	28.4	0.44521	862.5551221	27.4	0.47334	940.235547	26.3	0.57449	1090.935736	25.4	0.53288	1115.445527	24.5	0.56297	1055.048418	23.6																							
Egypt	2.0052	994.051317	44.4	2.22517	1047.65658	41.5	2.25765	1099.100883	38.7	2.43298	1167.927694	36.3	2.58248	1211.956928	33.9	2.68931	1284.418741	31.6	2.53821	1356.055284	29.5	2.70984	1440.261709	27.6	3.1936	1483.683693	25.8	3.20306	1548.593578	24.1	3.30724	1607.929836	22.5																							
El Salvador	0.10082	609.5646604	33.9	0.10523	622.8600709	31.6	0.10397	664.4698027	29.3	0.1135	692.1834201	27.2	0.11117	690.0221471	25.3	0.11716	756.7953329	23.5	0.12156	818.0114634	21.8	0.12288	882.1695536	20.3	0.12097	864.3265138	18.8	0.11837	845.07184	17.6	0.12442	855.1600171	16.3																							
Eritrea	0.00888	46.89746034	98.2	0.01052	50.88560627	94.8	0.00977	54.35366571	91.4	0.01103	56.20552406	88.7	0.01037	54.41902137	85.6	0.01036	53.9437447	82.8	0.01035	49.93718032	80.4	0.00973	51.05697312	77.4	0.01108	48.91338511	75	0.00714	51.00041232	72.2	0.00701	51.77327266	69.8																							
Estonia	0.19633	4628.645907	11.09	0.2039	4770.174642	10.8	0.2034	4898.266212	7.6	0.22366	5269.079913	8.96	0.23265	5482.883591	7.98	0.23315	5567.206524	7.33	0.22655	5883.679544	5.76	0.23105	6272.770096	6.42	0.22402	6347.548809	6.04	0.19773	5950.289158	4.4	0.22299	6464.14871	4.74																							
Ethiopia	0.06451	22.98030387	138.6	0.06956	26.90786934	131.5	0.0745	26.65095844	124.6	0.08134	29.18738203	118.2	0.08518	31.50567337	112.4	0.09097	34.4716793	106.6	0.10302	38.71388678	100.9	0.11177	41.32867522	95.8	0.13166	43.03529401	90.3	0.13029	44.50178698	85.8	0.13678	54.27395915	81.5																							
Finland	1.21661	15303.86428	4.31	1.22831	15709.305	3.72	1.24334	16138.14411	3.62	1.31717	16442.88697	3.92	1.3526	16774.88805	4.1	1.26539	16115.98415	4.14	1.32564	17212.94852	3.33	1.35083	17161.24128	3.48	1.29482	16349.79794	3.27	1.20685	15241.61194	3.07	1.30311	16482.78912	3																							
France	0.00105	7237.519734	5.49	0.00096	7347.467417	5.52	0.00096	7301.614346	5	0.00105	7531.506003	4.96	0.00113	7665.289605	4.73	0.00117	7655.525916	4.4	0.00118	7536.424648	4.51	0.00122	7519.896527	4.29	0.00123	7650.987412	4.34	0.00122	7339.868621	4.33	0.00122	7728.553246	4.2																							
Gabon	0.03684	875.1094899	82.4	0.0382	881.1200437	81.6	0.03796	915.9013492	80.4	0.03898	920.6942931	79.3	0.0393	915.0621461	77.9	0.03826	919.9484362	76.5	0.04223	961.2136342	75	0.04342	1004.469538	73.2	0.05311	1036.330164	71.1	0.04194	1029.43187	69.2	0.04543	1004.342186	67.4																							
Georgia	0.13752	1452.821221	32.6	0.12619	1449.252234	31.3	0.14833	1509.754418	30.1	0.13288	1597.403497	28.7	0.1357	1650.186416	27.5	0.15153	1714.894983	26.4	0.13936	1560.936789	25.4	0.16648	1609.698296	24.3	0.1737	1651.80099	23.4	0.17753	1585.199964	22.3	0.19191	1742.948257	21.5																							
Germany	14.41007	6635.421406	5.4	14.76009	6762.653396	5.2	14.44915	6900.780527	5.1	14.70252	6983.337424	5	14.81923	7082.53137	4.9	14.42205	7113.41229	4.7	14.68168	7174.137667	4.6	14.22641	7184.308553	4.5	14.39583	7149.108593	4.4	13.52424	6753.05764	4.2	13.93671	7215.421269	4.1																							
Ghana	0.14286	330.3855002	98.7	0.1419	336.5887736	96.8	0.13071	311.3198575	94.6	0.12545	225.3662225	92.4	0.14495	220.218731	90.8	0.14937	246.6288284	88.4	0.15015	298.2333867	86.5	0.13327	247.1777205	84.6	0.14904	266.8050654	83	0.17244	276.1874149	81	0.19467	297.8047192	79.6																							
Greece	1.338	4539.41669	7.7	1.35539	4681.296922	7.2	1.35968	4871.425759	6.8	1.43748	5047.210898	6.3	1.42721	5149.931281	5.9	1.44302	5241.551104	5.5	1.4855	5372.132115	5.3	1.50936	5627.832913	5.1	1.47097	5722.92089	4.9	1.40269	5540.222428	4.7	1.3418	5241.921087	4.6																							
Guatemala	0.15753	342.615057	48.2	0.16974	370.8099196	46.2	0.1687	375.5820484	44.4	0.17628	465.7572924	42.5	0.19425	478.8482876	40.7	0.20438	477.1507839	39.2	0.20222	547.6066414	37.6	0.20965	557.3087847	36.1	0.19736	542.698384	34.4	0.21336	548.0409442	33.1	0.21337	567.3111599	31.6																							
Haiti	0.02408	35.0476573	102	0.02601	34.46341879	98.5	0.02652	29.9935581	95.3	0.02639	28.20812617	92.1	0.02686	27.78792688	88.9	0.02719	36.6952376	85.8	0.02785	37.02869122	83	0.02907	25.29023142	80	0.03579	23.52015112	77.5	0.03339	35.6844485	74.8	0.03097	24.41648845	160.7																							
Honduras	0.08601	516.3914482	35	0.09293	526.9980552	33.5	0.09775	554.3784084	32.1	0.10039	580.8449471	30.7	0.10937	612.1787989	29.3	0.11675	621.2892901	27.9	0.12283	635.8146015	26.7	0.13443	692.7120241	25.6	0.13243	709.185673	24.3	0.12509	675.4432227	23.3	0.13198	670.7432277	22.2																							
Hungary	1.02243	3309.283711	11	1.05724	3426.722902	10.4	1.06097	3545.170756	9.8	1.08511	3637.278332	9.3	1.08542	3680.168467	8.8	1.15794	3771.364614	8.4	1.14796	3882.490664	7.9	1.12415	3976.518977	7.6	1.10717	3988.767694	7.2	1.03658	3773.153807	6.9	1.05124	3876.491084	6.6																							
Iceland	0.1199	26201.52558	3.89	0.12267	26950.39443	3.26	0.12659	27896.89868	3.5	0.12829	27666.38689	2.9	0.12972	28215.45225	3.1	0.1306	27988.02968	2.99	0.14327	31328.3868	2.3	0.16695	36852.54489	3.29	0.20929	50067.10479	3.59	0.2039	51259.18763	2.18	0.20542	51439.90869	3.29																							
India	13.33329	386.6379466	87.7	13.83718	387.3856354	85	13.66474	400.2556898	82.4	14.11354	417.4861874	79.6	15.31959	438.8360332	77.2	16.33149	455.8626845	74.6	17.63085	495.1874814	72.3	18.81378	539.4840764	70	19.90302	556.1064727	67.7	21.41704	589.9421724	65.5	21.9198	616.2037985	63.4																							
Indonesia	3.87305	386.9811427	52.5	3.93491	408.0877525	50.5	4.08854	414.3154181	48.2	4.104	425.8985116	46	4.43032	471.5846842	43.9	4.64683	497.7185207	42	5.0977	514.8431979	40.1	5.32105	546.3092409	38.2	5.43696	571.7911903	36.8	5.80577	597.0612704	34.8	6.05509	641.31154	33.3																							
Iran	5.02081	1553.158834	44	5.38611	1647.340477	41.4	5.88847	1747.13615	38.8	6.1875	1890.387831	37	6.40678	2011.210869	34.9	7.33526	2080.465001	33.7	7.67976	2220.336758	31.8	7.89703	2304.092568	30.5	8.09856	2416.927841	28.5	9.04268	2498.579791	27.3	9.10777	2652.310019	26.2																							
Iraq	1.08419	1199.326748	42.8	1.13411	1204.400016	42.3	1.14428	1232.981555	42	1.0122	1016.719553	41.5	1.12508	1174.159294	41	1.23888	816.0244727	40.5	1.22646	947.8454962	40.1	1.30916	745.1711099	39.7	1.34034	722.0090521	39.2	1.45744	1053.914309	38.9	1.50018	1183.079186	38.6																							
Ireland	0.60027	5796.055581	7	0.62845	5896.939225	6.7	0.62447	6035.686646	6.3	0.61908	6092.548994	5.9	0.64429	6168.398988	5.6	0.66413	6241.715574	5.2	0.70269	6370.851535	5	0.70299	6278.272481	4.7	0.69324	6432.001569	4.5	0.62099	6049.192835	4.3	0.62811	6025.224636	4.1																							
Israel	0.81131	6323.103832	6.9	0.87409	6400.217425	6.6	0.84092	6502.739726	6.4	0.85309	6597.306307	6.1	0.8555	6525.921574	5.8	0.87197	6572.199535	5.6	0.88416	6711.229567	5.3	0.91127	7003.24508	5.1	0.83252	7133.045096	4.9	0.87707	6607.619964	4.7	0.94537	6856.078493	4.5																							
Italy	7.58182	5299.87404	5.27	7.62301	5406.195954	5.49	7.65325	5530.184487	5.2	7.90469	5623.920205	4.41	8.16668	5640.090272	4.4	8.07918	5668.738483	4.21	8.00936	5754.519409	4.01	8.03926	5712.730089	3.86	7.83857	5661.184427	3.9	7.35131	5270.539626	4	7.62586	5384.17286	3.9																							
Jamaica	0.14637	2333.755588	25.5	0.14699	2338.769432	24.8	0.15054	2412.993896	24.3	0.15637	2485.432456	23.4	0.15835	2458.58762	22.6	0.15258	2478.116511	22.1	0.17143	2453.156096	21.4	0.18033	2551.760221	20.7	0.17854	1989.803513	20.1	0.12778	1904.58525	19.6	0.12696	1222.292122	19																							
Japan	22.41466	7973.508316	4.47	22.20305	7822.814179	4.21	22.11821	7915.665581	4.08	22.60477	7815.311859	3.95	23.242	8050.72753	3.8	23.1348	8212.689692	3.73	22.86986	8252.950938	3.64	23.04962	8489.650409	3.49	21.89256	8075.210463	3.44	20.69509	7838.005685	3.17	21.77269	8394.12434	3.2																							
Jordan	0.22545	1376.96717	28	0.2202	1404.778851	27.2	0.23062	1479.356888	26.6	0.25148	1517.621998	25.7	0.27821	1637.05104	25	0.29423	1681.603992	24.4	0.30837	1816.687737	23.7	0.30975	1971.741434	23.2	0.30782	2093.312597	22.6	0.31309	2111.91885	21.8	0.32667	2225.566397	21.1																							
Kazakhstan	1.83351	3169.523341	42.3	1.93523	3512.035501	40.7	1.99277	3558.327279	39.3	1.82516	3768.792568	37.9	2.18332	3859.192816	36.4	2.23411	4012.073919	35.2	2.37702	4261.212294	33.7	2.38347	4487.28613	32.8	2.36741	4689.167072	31.3	2.14318	4447.142293	30.1	2.25517	4727.601739	29.2																							
Kenya	0.14224	112.7866425	113.1	0.14413	122.6455041	109.2	0.14934	121.8724664	105.5	0.16118	127.4947973	101.9	0.16875	134.8330433	98.3	0.18298	136.994471	94.1	0.20102	145.1795941	90.2	0.2022	148.9119212	86.5	0.18836	148.6396533	82.5	0.19759	147.3055675	79.4	0.21986	156.025217	76.1																							
Kuwait	0.90963	14822.34517	12.7	0.88264	15190.17829	12.5	0.88761	15635.20622	12.4	0.96046	16656.11867	12.2	1.00698	16770.15371	12	1.14679	17123.12733	11.8	1.13313	17933.68407	11.7	1.12475	17485.77713	11.5	1.16169	17750.69447	11.3	1.21498	17609.96355	11.2	1.28347	18319.66009	11																							
Latvia	0.15412	2077.552113	14.928	0.16092	2196.592712	15.888	0.154	2279.117977	15.072	0.16071	2453.832598	14.94	0.17574	2551.431824	13.236	0.18543	2702.876577	11.688	0.18448	2876.376561	11.016	0.17261	3063.573657	12.348	0.16337	3087.250573	9.612	0.16488	2874.712728	10.548	0.16082	3025.89361	8.9																							
Lebanon	0.23433	2610.406514	19	0.22499	2633.251492	17.8	0.22859	2772.131036	16.6	0.23803	2818.504043	15.6	0.22844	2784.613068	14.6	0.21854	2788.704034	13.7	0.19424	2686.300308	12.8	0.17922	2772.032605	12	0.18233	2937.184944	11.2	0.28324	3130.100381	10.6	0.27604	3568.93053	9.9																							
Libya	0.62988	2275.58209	27.1	0.66709	2302.998268	25.9	0.69699	2420.002013	24.7	0.68428	2453.139849	23.6	0.75794	2556.07976	22.4	0.77201	3412.997085	21.5	0.73147	3779.095711	20.5	0.75824	3965.264792	19.5	0.73771	4001.22284	18.7	0.77865	4170.108358	17.7	0.83996	4269.790997	17																							
Lithuania	0.2973	2516.905098	12.177	0.31679	2687.795221	11.33	0.34054	2827.558971	10.956	0.35264	3052.800862	9.625	0.35316	3142.399663	10.659	0.35257	3101.364143	9.713	0.35277	3230.623185	9.537	0.38586	3411.819702	8.008	0.37472	3555.86393	7.26	0.32429	3430.79831	6.809	0.26217	3270.638489	5.918																							
Luxembourg	0.15384	15668.11827	5.96	0.16143	15618.59464	7.56	0.16988	15978.03552	6.41	0.17893	16258.88449	5.26	0.19745	16300.11242	4.6	0.20597	15641.99691	3.39	0.20346	16454.48833	3.27	0.1993	16350.23844	3.29	0.19594	15935.74133	3.05	0.18552	14423.95582	3.57	0.19874	16833.90768	3.3																							
Macedonia, FYR	0.11505	2932.669551	16.3	0.10637	2838.188063	15.6	0.1066	2791.932768	14.9	0.1156	3148.209973	14.3	0.11805	3180.460385	13.8	0.11917	3411.005005	13.3	0.11709	3485.405202	12.7	0.11407	3652.482858	12	0.11367	3702.758165	11.4	0.1128	3441.806056	10.8	0.12055	3590.766213	10.2																							
Malaysia	1.97785	2721.172224	10.6	2.10768	2728.939465	10.1	2.19218	2785.237625	9.7	2.26849	2872.644511	9.3	2.26098	2937.736194	8.9	2.28943	2828.632885	8.5	2.36515	3021.256786	8.1	2.59795	3232.876453	7.8	2.67668	3254.307831	7.4	2.78314	3911.855695	7.1	2.98849	4117.352558	6.8																							
Malta	0.03919	4410.496037	7.8	0.0329	4292.315051	7.5	0.03939	4500.3523	7.3	0.03925	4872.272205	7.2	0.03973	4797.292583	7	0.04122	4912.873263	6.8	0.03904	4884.254247	6.6	0.04138	4845.373426	6.4	0.04255	4806.408545	6.3	0.08783	4417.970439	6.2	0.10438	4151.492205	6.1																							
Mexico	6.33194	1766.393729	29.1	6.29111	1794.748053	27.5	6.28657	1804.058343	25.9	6.41137	1768.753186	24.5	6.42585	1870.997773	23.2	6.73068	1927.063862	21.9	7.29561	1939.328583	20.8	7.5267	1973.681687	19.6	7.26255	1982.813298	18.6	6.94764	1942.840798	17.6	7.28397	1990.459664	16.6																							
Moldova	0.11014	1004.784058	23.8	0.10728	1123.239689	22.9	0.11896	1184.358301	22	0.1305	1365.396863	21.1	0.12268	1435.653372	20.5	0.1293	1534.275594	19.6	0.13827	1615.665231	19.1	0.12851	1342.781355	18.5	0.13351	1328.251506	17.7	0.11866	996.745852	16.8	0.1186	1049.111442	16.6																							
Mongolia	0.06313	1069.931645	63.4	0.06517	1089.334015	59.4	0.06955	1116.780873	55.6	0.06646	1160.883108	52.2	0.07102	1222.130221	48.8	0.07177	1278.196581	45.7	0.08214	1326.551975	42.8	0.08515	1367.493882	40.1	0.09026	1458.683384	37.6	0.09005	1410.575592	34.9	0.09273	1530.115555	33																							
Morocco	0.44701	490.0456482	52.7	0.4813	524.8684447	50.5	0.48821	536.0235277	48.5	0.49124	581.8883481	46.5	0.4923	612.9548179	44.5	0.49773	635.7824189	42.6	0.51652	690.4743014	40.7	0.52846	720.8041198	39.1	0.59814	742.2069468	37.4	0.64331	754.397316	35.7	0.67296	781.0922409	34.3																							
Mozambique	0.10073	122.2483409	172.1	0.13093	270.3908485	165.8	0.13324	259.7392992	158.9	0.13221	367.0704678	152.1	0.14246	441.463662	145.6	0.15798	445.0165727	139.3	0.17698	454.4653522	133.2	0.18214	473.1028274	125.9	0.16984	462.4119572	119.3	0.18321	453.35221	113.3	0.18078	443.7221271	108.4																							
Myanmar	0.1675	78.20691735	83.5	0.16576	71.24276124	81.7	0.18845	76.38794305	79.5	0.2121	83.95923756	77.1	0.21775	84.87039184	75.4	0.28673	79.0999155	73.4	0.26736	93.44435195	71.6	0.28979	94.61626019	70	0.28615	99.49140022	68.3	0.24095	104.8919302	66.3	0.24075	131.1427231	64.5																							
Namibia	0.0415	1179.425046	73.5	0.04742	1214.625705	74.5	0.0503	1055.027648	75	0.05393	1091.945495	74.8	0.0569	1356.603089	73.7	0.05861	1415.89874	69	0.0626	1492.929706	63.1	0.06488	1490.97909	58.6	0.0726	1739.6663	54.3	0.06967	1576.216349	50.1	0.06538	1478.568854	45.9																							
Netherlands	3.79343	6559.537517	6.22	3.92944	6652.67372	6.25	3.93986	6693.756595	5.99	4.02199	6751.122414	5.6	4.13271	7017.230734	5.15	4.23416	6987.740342	5.76	4.14183	7054.83222	5.15	4.35459	7209.937237	4.66	4.14045	7226.069622	4.54	4.07681	6895.663913	4.5	4.2662	7009.523819	4.2																							
New Zealand	0.82614	9384.348187	7.59	0.83579	9417.085427	6.5	0.85376	9526.908953	6.73	0.84516	9407.280493	6.25	0.87666	9666.299694	6.68	0.84479	9673.673771	6.15	0.86117	9700.568752	6.05	0.86163	9630.584396	6.44	0.85232	9535.946028	5.83	0.84236	9375.318597	6.1	0.85742	9565.91419	6																							
Nicaragua	0.05537	344.5214778	42.3	0.0591	343.3919864	40.4	0.06114	352.3174789	38.7	0.06242	367.6059718	36.9	0.06628	393.2030025	35.3	0.07106	413.5068329	33.7	0.07053	426.3199216	32.3	0.07157	460.6684744	30.9	0.07145	474.4855762	29.5	0.07015	478.9649454	28.2	0.07232	473.2071298	27																							
Nigeria	0.80941	73.64465855	187.9	0.91104	74.78805723	181.3	0.93475	103.6643791	174.6	0.97853	101.0317374	168.3	0.98351	122.6544643	162	1.08137	128.4406452	156	1.02946	111.128212	150.3	0.98637	138.3313759	144.6	1.0381	126.910081	139.1	0.67651	120.5076855	133.9	0.72951	136.4951753	129.2																							
Norway	1.98845	24993.7263	4.78	1.89297	25590.68943	4.67	1.94002	24620.33613	4.57	1.82	23201.39413	4.37	1.92523	24214.10698	4.01	2.0028	25083.21453	3.84	1.84424	24099.93226	3.83	1.97706	24855.00046	3.68	1.94232	24866.13431	3.32	1.89931	23859.70958	3.64	1.86836	25175.22108	3.2																							
Oman	0.34089	3207.366254	21.7	0.34692	3459.591229	20.1	0.36024	3570.755499	18.5	0.3566	3625.907387	17	0.38096	3937.62698	15.6	0.48045	4239.949619	14.4	0.55125	4449.494503	13.3	0.58188	4614.266744	12.2	0.68767	5110.424378	11.2	0.75002	5598.897697	10.3	0.86701	5932.573447	9.4																							
Pakistan	1.84612	356.893286	95.3	1.79929	362.9151503	93	1.81339	370.081914	90.6	1.91194	395.2660409	88.6	1.96634	414.6668333	86.2	2.13909	447.9611245	83.9	2.38416	472.6235465	82	2.48149	468.7750957	80	2.47811	432.6207784	78.1	2.50371	449.3227627	75.7	2.55969	456.6360689	73.7																							
Panama	0.20637	1298.320843	25.7	0.20344	1305.501662	25.1	0.20284	1335.56068	24.5	0.19682	1398.467157	23.9	0.2272	1463.244928	23.3	0.22021	1496.45449	22.7	0.2299	1502.76985	22.2	0.23553	1605.647582	21.7	0.23881	1660.655097	21.1	0.25028	1749.616757	20.6	0.27683	1832.337168	20																							
Paraguay	0.42971	880.6897451	35.3	0.37938	866.3491825	33.8	0.39444	875.8768877	32.3	0.4241	829.4933149	30.8	0.41508	816.3355588	29.9	0.40976	848.788772	28.6	0.42508	901.5415745	27.5	0.4253	959.4242474	26.2	0.4405	1003.171305	25.4	0.43597	1055.994016	24.3	0.43752	1133.92913	23.4																							
Peru	0.52873	681.5821289	38.9	0.53776	706.9470145	36.3	0.54613	741.4429872	33.8	0.55734	765.5943739	31.6	0.58274	803.7579281	29.5	0.61903	838.8618519	27.5	0.67681	890.2840544	25.7	0.68496	972.4818628	23.9	0.76281	1045.977109	22.3	0.74815	1049.185817	20.8	0.84796	1105.531503	19.4																							
Philippines	1.13956	503.7513599	38.8	1.12599	523.4891389	37.3	1.14734	527.0591683	35.8	1.18464	560.5512626	34.5	1.21389	580.5565523	33.2	1.2158	581.555557	32	1.20589	572.7747198	30.7	1.17952	586.5928559	29.5	1.20299	589.3218378	28.5	1.14336	593.4587373	27.4	1.21734	642.7352251	26.4																							
Poland	3.62445	3239.657441	9.6	3.45492	3260.033263	9	3.45339	3208.392157	8.6	3.57188	3324.471392	8.2	3.74765	3416.118632	7.9	3.67445	3437.323998	7.5	3.85182	3584.962188	7.2	3.91829	3661.646104	6.9	3.89067	3725.748778	6.6	3.78329	3590.832081	6.3	4.05529	3783.081899	6.1																							
Portugal	1.07048	4013.950546	7.39	1.08598	4147.576425	6.39	1.08306	4292.271433	6.52	1.11732	4383.169358	5.25	1.11244	4525.722317	4.98	1.12608	4662.529442	4.36	1.1019	4799.163746	4.27	1.12765	4860.423431	4.17	1.06227	4821.503363	4	1.0649	4814.680147	4.37	1.12574	4929.14304	3.6																							
Qatar	0.64476	14385.14139	12.6	0.5025	15223.90171	12.1	0.5271	16303.17236	11.5	0.58437	17100.22953	11	0.70528	17223.05655	10.5	0.88637	16293.82231	10	0.95057	16217.33229	9.6	0.99146	15340.45385	9.2	1.01462	14387.63377	8.8	1.08657	14420.76901	8.4	1.10456	14997.21684	8.1																							
Romania	1.58611	1987.66019	26.8	1.71549	2066.783933	25.7	1.68366	2072.867615	24.5	1.63078	2220.677543	23.3	1.68956	2270.890007	21.9	1.6655	2331.012998	20.5	1.67453	2401.649164	18.9	1.66212	2451.956718	17.5	1.64164	2487.633184	16	1.41096	2266.71746	14.8	1.42516	2392.340592	13.6																							
Russia		5208.847392	23.196		5275.335484	22.392		5304.66375	20.616		5479.993304	19.104		5642.373323	17.424		5784.966818	16.476		6122.05614	15.576		6317.241379	14.448		6435.406833	13.14		6132.978648	12.324		6451.874295	11.544																							
Saudi Arabia	4.85276	5839.779906	20.6	5.1387	6097.11755	19.1	5.38353	6145.811746	17.8	5.76125	6536.920158	16.6	6.20771	6330.209138	15.4	6.52548	6553.148365	14.3	6.8456	6759.669857	13.3	6.18472	6855.543971	12.4	7.45005	7126.937472	11.5	7.22524	7427.215493	10.7	7.84894	7967.003601	9.9																							
Senegal	0.06366	105.7242363	130.4	0.06364	128.0889811	124.8	0.06656	151.149424	117.6	0.0685	130.5113364	110.3	0.07829	143.3659103	103.7	0.08372	163.4487709	97	0.0858	162.5848994	90.6	0.08716	187.4565183	84.7	0.08835	163.9076813	78.7	0.08611	196.0044983	73.5	0.08664	195.2753028	69.1																							
Serbia	0.6587	4198.715706	12.7	0.70203	4434.370241	11.9	0.77788	4478.248157	11.1	0.78073	4332.679062	10.5	0.79528	4258.251568	9.8	0.76979	3921.906459	9.2	0.75891	4040.44002	8.8	0.73094	4159.137225	8.4	0.74151	4291.843742	8.1	0.6641	4224.397665	7.7	0.71148	4358.812174	7.4																							
Singapore	1.52664	7575.411505	3.9	1.62081	7516.191397	3.7	1.60212	7756.226054	3.4	1.69219	8113.638573	3.2	1.90294	8314.253486	3.1	2.03676	8507.196774	3	2.08333	8520.016358	2.9	2.26036	8513.707885	2.8	2.53059	8184.898954	2.8	2.89374	7789.918999	2.7	3.37195	8306.774086	2.6																							
Slovak Republic	0.78498	4955.907896	11.988	0.82957	5027.452807	9.228	0.84408	5049.584909	10.776	0.82019	5015.979792	11.544	0.80533	5088.214671	10.452	0.83036	4919.806029	10.296	0.81948	5135.577731	9.408	0.79151	5250.200192	9.012	0.80208	5267.610521	8.592	0.72467	4924.712887	8.676	0.77205	5164.362565	8																							
Slovenia	0.29282	5777.995651	5.4	0.29895	6006.34519	5.2	0.30204	6380.951903	5	0.30098	6578.034236	4.8	0.31417	6830.705073	4.5	0.3193	6917.860467	4.3	0.31761	7123.537771	4	0.31862	7137.824175	3.8	0.33989	6920.244039	3.5	0.30802	6103.441294	3.3	0.30953	6521.092872	3																							
South Africa	4.58373	4680.681818	74.1	4.64708	4365.48973	76.3	4.53578	4590.245748	78.3	4.87605	4619.366771	79.3	5.21505	4651.560382	79.1	5.12043	4703.944952	78.2	5.28755	4796.971759	75.8	5.41603	5108.410374	71.1	5.72952	4934.394103	66.6	5.62826	4665.861722	61.3	5.59303	4802.535641	52.6																							
Spain	5.54154	5206.91144	5.46	5.78945	5439.817464	5.03	5.83067	5592.417849	5.14	6.13748	5700.886205	5.08	6.34354	5924.080446	4.89	6.44556	6147.129383	4.66	6.4938	6396.118853	4.41	6.76091	6334.841427	4.36	6.52779	6392.589681	4.19	6.10063	5997.047089	4.06	6.23946	6154.830121	4.5																							
Sri Lanka	0.18938	289.8125851	19.1	0.18644	292.599883	18.4	0.18871	305.3749802	17.7	0.20061	327.1266886	17	0.19925	353.4859789	16.3	0.2195	398.0859295	15.7	0.21647	399.7884983	15.1	0.22235	416.1884326	14.4	0.22215	383.7364594	13.8	0.22402	412.7628362	13.3	0.22781	449.1841379	12.6																							
Sudan	0.10796	63.47306661	103.7	0.13557	53.36802217	102.3	0.13991	62.62544983	100.3	0.1539	66.36932735	98.5	0.1649	67.03348077	96.9	0.17682	79.19746568	95.1	0.19666	88.29343373	93.9	0.19178	95.45833562	92.4	0.2123	103.8991745	91	0.29356	133.1738512	89	0.30792	140.6825932	87.7																							
Sweden	2.27081	15681.61527	3.87	2.40492	16020.98031	4.36	2.27707	15709.42967	4.04	2.16972	15360.17889	3.85	2.30924	15420.97314	3.6	2.33275	15430.96395	3.24	2.21398	15262.58727	3.51	2.28591	15257.93575	3.14	2.22166	14869.34898	3.04	2.05075	14143.01101	3.23	2.22204	14939.232	3.08																							
Switzerland	1.29678	7845.495354	5.75	1.35071	8033.357243	5.88	1.28496	8000.957617	5.36	1.30302	8195.120835	4.98	1.31289	8205.693794	5.18	1.26341	8305.371102	4.88	1.28603	8360.442516	5.08	1.3027	8163.428007	4.62	1.31995	8305.792283	4.52	1.2873	8021.094469	4.86	1.26518	8173.364359	4.5																							
Syria	0.78206	1093.033295	22.8	0.76222	1165.85149	22	0.8197	1242.415957	21.2	0.82694	1288.671583	20.4	0.84518	1383.797885	19.7	0.80437	1487.925691	19	0.80649	1554.058364	18.3	0.80705	1590.974443	17.7	0.81778	1640.460712	17.1	0.9479	1603.594191	16.4	1.03228	1905.303711	15.9																							
Tajikistan	0.23909	2176.805463	94.7	0.24705	2172.773521	91.6	0.25201	2188.580658	87.9	0.27054	2207.765401	85	0.27419	2251.874476	82	0.28425	2261.49965	78.9	0.28025	2268.173203	76.1	0.27243	2216.998116	73.4	0.25661	2116.891253	71	0.18682	1984.111189	68.2	0.19051	2004.466873	66.1																							
Tanzania	0.0582	58.17000513	126.4	0.06861	60.28569462	120.4	0.07525	62.70844558	114.7	0.07626	55.20779837	109.1	0.08168	63.67278266	103.6	0.0904	69.60928973	98.1	0.09356	69.48269632	92.7	0.10957	82.1073539	87.2	0.11714	84.31977095	82	0.12382	75.03778656	77.2	0.12017	77.8524655	72.5																							
Thailand	2.57173	1443.432161	18.5	2.69236	1496.28603	17.9	2.93221	1603.207008	17	3.20772	1692.114598	16.6	3.44176	1797.779465	15.9	3.65174	1877.988739	15.7	3.70545	1961.624483	15	3.83697	2030.711018	14.2	3.95005	2051.869645	13.7	4.05101	2044.825059	13.4	4.32479	2243.402608	12.8																							
Trinidad and Tobago	0.42055	3916.232863	32.1	0.47354	4021.70611	31.6	0.49998	4007.449431	31.2	0.53889	4689.659397	30.9	0.59	4625.284788	30.4	0.67327	5069.994663	29.9	0.82112	4927.22759	29.6	0.82411	5668.823057	29.1	0.89599	5645.961053	28.7	0.85012	5661.694662	28.3	0.93624	5894.302125	28																							
Tunisia	0.30098	991.2688869	29.6	0.33625	1048.213695	27.9	0.33847	1075.864607	26.5	0.33078	1004.187077	25.1	0.33365	1043.95715	23.7	0.35827	1091.933393	22.4	0.33345	1115.729816	21.3	0.29423	1160.086454	20.3	0.3135	1198.772377	19.2	0.30028	1284.627764	18.1	0.30913	1349.972983	17.2																							
Turkey	3.16279	1642.6766	35.3	2.89384	1604.185265	32.8	3.14597	1659.699999	30.3	3.31735	1765.149244	28.2	3.51199	1885.509811	26	3.73432	2006.803732	24	4.07083	2169.393639	22.3	4.4552	2333.855873	20.6	4.29029	2405.457243	19.1	4.29655	2297.796855	17.7	4.48981	2477.06173	16.3																							
Turkmenistan	0.40112	1697.686885	71.4	0.50227	1787.669191	69.3	0.58452	1780.181401	67.7	0.75923	1749.172532	65.5	0.80707	1916.423006	63.8	0.83243	2054.618954	62.2	0.84142	2119.184555	60.2	0.89993	2259.591429	58.7	0.93194	2324.741643	57.3	0.88651	2366.822554	55.4	0.92312	2403.413728	54																							
Ukraine	5.75077	2778.43711	18.6	5.64106	2790.534424	17.6	5.82163	2844.810954	16.8	6.2826	2997.974398	16.1	6.25436	3151.147696	15.2	6.32588	3246.035731	14.4	5.86877	3399.522311	13.5	6.29988	3528.924829	12.7	6.22468	3534.357152	12	4.45821	3227.955434	11.4	5.09354	3549.847724	10.7																							
United Arab Emirates	1.8663	12722.30575	12.3	1.89112	12724.16684	11.7	2.05573	13447.35952	10.9	2.1047	13578.523	10.4	2.21903	13381.74903	9.8	2.31365	13825.79867	9.3	2.53901	13272.91663	8.7	2.82421	13050.31263	8.2	3.29263	11841.38299	7.8	3.37142	11121.35141	7.4	3.53612	11044.38548	7																							
United Kingdom	0.00039	6114.529259	6.32	0.0004	6143.199664	6.28	0.00044	6147.391939	6	0.00044	6182.9802	6.27	0.00048	6151.062742	5.87	0.00053	6289.404044	5.82	0.00057	6226.257365	5.88	0.00065	6152.346557	5.69	0.00068	6060.688391	5.53	0.00067	5700.115612	5.3	0.00067	5736.033049	5.3																							
United States	98.8145	13671.05202	8.39	96.16811	13046.61415	8.22	97.6451	13296.1823	8.2	97.97761	13307.49201	8.21	100.16178	13388.58971	8.11	100.28151	13704.57705	8.19	99.62944	13583.26696	8.1	101.29594	13657.44951	8.14	99.27451	13663.42468	7.91	94.55912	12913.71143	7.54	98.04105	13393.90065	7.5																							
Uruguay	0.16448	2042.80876	17.1	0.16221	2011.572861	16.6	0.16845	2009.353604	16.1	0.16337	1897.056133	15.5	0.14096	1942.011041	14.7	0.15679	2011.662804	14	0.14879	2232.033757	13.2	0.1778	2424.857983	12.6	0.18452	2599.239604	12	0.18958	2673.891115	11.3	0.21154	2763.225946	10.8																							
Uzbekistan	1.95472	1780.457924	61	2.04481	1752.535611	59.4	2.09616	1775.773787	58	2.12792	1758.507805	57.1	2.25405	1759.445415	55.8	2.1614	1711.353995	55.1	2.22683	1749.760271	53.7	2.22658	1658.36683	52.9	2.34739	1647.016595	51.3	1.99839	1637.567795	50.6	1.99535	1648.145814	49.6																							
Venezuela	2.76891	2654.600798	22.3	3.03054	2719.321623	21.5	2.93435	2745.479778	20.7	2.72196	2646.023214	19.9	2.93675	2782.753473	19.2	2.91656	2874.854197	18.5	3.15857	3051.718397	17.9	3.06615	3006.003711	17.3	3.22512	3091.7845	16.7	3.03864	3052.564825	16.1	3.32096	3286.60609	15.6																							
Vietnam	0.73608	295.0371566	33.9	0.81314	335.3429745	32.5	0.90187	387.0317217	31.3	0.97817	443.0683349	30	1.06511	493.6165928	28.8	1.17323	579.9122504	27.7	1.30862	655.3118961	26.6	1.4182	738.4491535	25.6	1.63544	813.1241755	24.5	1.67657	917.3961058	23.5	1.86492	1034.66444	22.6																							
Yemen	0.19367	139.0833454	119.9	0.20573	143.0526035	115.8	0.22587	150.5430782	112	0.24444	160.5585253	108.5	0.2463	169.1790775	104.5	0.25679	178.8495254	99.1	0.28046	188.4153895	93.7	0.25545	204.8116849	87.8	0.31997	222.7025321	81.9	0.28928	218.8337264	75.3	0.30183	248.6226596	67.8																							
Zambia	0.09924	610.102649	153.8	0.10487	633.024955	148.3	0.10799	660.7770293	143.3	0.11254	682.649646	138.5	0.11469	706.9962158	133.3	0.12143	716.6060407	126.8	0.12701	745.7805696	120.3	0.12644	689.1526641	113.4	0.12723	612.1355015	106.4	0.12534	591.3352876	98.8	0.13719	623.1429007	90.4																							
Zimbabwe	0.21215	852.7934461	105.8	0.19942	826.8777413	105.2	0.19982	832.818374	103.6	0.19783	835.6486774	101.3	0.17606	816.4867779	97.7	0.19331	994.6951185	93.8	0.17486	997.7130256	90.4	0.17422	1019.609823	86	0.15068	1023.166366	81.7	0.15486	1026.215184	77.8	0.16368	1022.157023	72.4																							
